Workbook

Sheet Questionnaire
A1: Dimension | B1: Item Code | C1: Statement
A2: Tangibles | B2: T1 | C2: T1: The cafe's furniture, decor and outdoor seating are visually appealing.
A3: Tangibles | B3: T2 | C3: T2: The physical facilities (seating area, washrooms, surroundings) are clean and well maintained.
A4: Tangibles | B4: T3 | C4: T3: Employees are neat, well-groomed and appropriately dressed.
A5: Tangibles | B5: T4 | C5: T4: Menus, bills and signage are visually appealing and easy to read.
A6: Reliability | B6: R1 | C6: R1: The cafe delivers the correct food/beverage order the first time, every time.
A7: Reliability | B7: R2 | C7: R2: When the cafe promises to have an order ready by a certain time, it does.
A8: Reliability | B8: R3 | C8: R3: Food and beverages are prepared consistently to the same standard on every visit.
A9: Reliability | B9: R4 | C9: R4: When a customer has a problem (wrong order, billing issue), staff show sincere interest in resolving it.
A10: Responsiveness | B10: RS1 | C10: RS1: Employees give prompt service to customers.
A11: Responsiveness | B11: RS2 | C11: RS2: Employees are willing to help customers, even when busy.
A12: Responsiveness | B12: RS3 | C12: RS3: Employees respond quickly when a customer signals for attention.
... A21: Empathy | B21: E4 | C21: E4: Employees deal with customers in a warm, caring manner

Sheet Customer Expectations
A1: Customer_ID | B1: Gender | C1: Age | D1: Visit_Frequency | E1: T1 | F1: T2 | G1: T3 | H1: T4 | I1: R1 | J1: R2 | K1: R3 | L1: R4 | M1: RS1 | N1: RS2 | O1: RS3 | P1: RS4 | Q1: A1 | R1: A2 | S1: A3 | T1: A4 | U1: E1 | V1: E2 | W1: E3 | X1: E4 | Y1: Tangibles Avg | Z1: Reliability Avg | AA1: Responsiveness Avg | AB1: Assurance Avg | AC1: Empathy Avg
A2: C01 | B2: Female | C2: 35 | D2: Occasional (2-5 visits) | E2: 6 | F2: 7 | G2: 7 | H2: 6 | I2: 6 | J2: 7 | K2: 5 | L2: 6 | M2: 6 | N2: 6 | O2: 6 | P2: 7 | Q2: 6 | R2: 5 | S2: 5 | T2: 5 | U2: 5 | V2: 6 | W2: 6 | X2: 6 | Y2: =AVERAGE(E2:H2) -> 6.5 | Z2: =AVERAGE(I2:L2) -> 6 | AA2: =AVERAGE(M2:P2) -> 6.25 | AB2: =AVERAGE(Q2:T2) -> 5.25 | AC2: =AVERAGE(U2:X2) -> 5.75
A3: C02 | B3: Female | C3: 38 | D3: Regular (6+ visits) | E3: 7 | F3: 6 | G3: 6 | H3: 5 | I3: 6 | J3: 6 | K3: 7 | L3: 6 | M3: 7 | N3: 7 | O3: 6 | P3: 6 | Q3: 7 | R3: 6 | S3: 7 | T3: 6 | U3: 6 | V3: 6 | W3: 6 | X3: 4 | Y3: =AVERAGE(E3:H3) -> 6 | Z3: =AVERAGE(I3:L3) -> 6.25 | AA3: =AVERAGE(M3:P3) -> 6.5 | AB3: =AVERAGE(Q3:T3) -> 6.5 | AC3: =AVERAGE(U3:X3) -> 5.5
A4: C03 | B4: Male | C4: 37 | D4: Regular (6+ visits) | E4: 5 | F4: 6 | G4: 5 | H4: 5 | I4: 7 | J4: 7 | K4: 6 | L4: 7 | M4: 7 | N4: 6 | O4: 6 | P4: 6 | Q4: 6 | R4: 6 | S4: 5 | T4: 6 | U4: 6 | V4: 5 | W4: 6 | X4: 5 | Y4: =AVERAGE(E4:H4) -> 5.25 | Z4: =AVERAGE(I4:L4) -> 6.75 | AA4: =AVERAGE(M4:P4) -> 6.25 | AB4: =AVERAGE(Q4:T4) -> 5.75 | AC4: =AVERAGE(U4:X4) -> 5.5
A5: C04 | B5: Female | C5: 31 | D5: First-time | E5: 7 | F5: 6 | G5: 5 | H5: 5 | I5: 7 | J5: 7 | K5: 6 | L5: 6 | M5: 6 | N5: 7 | O5: 6 | P5: 6 | Q5: 6 | R5: 6 | S5: 7 | T5: 6 | U5: 6 | V5: 6 | W5: 5 | X5: 6 | Y5: =AVERAGE(E5:H5) -> 5.75 | Z5: =AVERAGE(I5:L5) -> 6.5 | AA5: =AVERAGE(M5:P5) -> 6.25 | AB5: =AVERAGE(Q5:T5) -> 6.25 | AC5: =AVERAGE(U5:X5) -> 5.75
A6: C05 | B6: Male | C6: 53 | D6: Occasional (2-5 visits) | E6: 5 | F6: 6 | G6: 6 | H6: 5 | I6: 6 | J6: 5 | K6: 6 | L6: 6 | M6: 7 | N6: 7 | O6: 7 | P6: 6 | Q6: 6 | R6: 7 | S6: 6 | T6: 7 | U6: 7 | V6: 7 | W6: 6 | X6: 6 | Y6: =AVERAGE(E6:H6) -> 5.5 | Z6: =AVERAGE(I6:L6) -> 5.75 | AA6: =AVERAGE(M6:P6) -> 6.75 | AB6: =AVERAGE(Q6:T6) -> 6.5 | AC6: =AVERAGE(U6:X6) -> 6.5
A7: C06 | B7: Female | C7: 32 | D7: Regular (6+ visits) | E7: 6 | F7: 7 | G7: 6 | H7: 6 | I7: 7 | J7: 7 | K7: 6 | L7: 7 | M7: 7 | N7: 6 | O7: 5 | P7: 6 | Q7: 6 | R7: 6 | S7: 5 | T7: 6 | U7: 5 | V7: 7 | W7: 6 | X7: 6 | Y7: =AVERAGE(E7:H7) -> 6.25 | Z7: =AVERAGE(I7:L7) -> 6.75 | AA7: =AVERAGE(M7:P7) -> 6 | AB7: =AVERAGE(Q7:T7) -> 5.75 | AC7: =AVERAGE(U7:X7) -> 6
A8: C07 | B8: Female | C8: 42 | D8: First-time | E8: 5 | F8: 6 | G8: 6 | H8: 7 | I8: 7 | J8: 6 | K8: 6 | L8: 6 | M8: 6 | N8: 7 | O8: 7 | P8: 7 | Q8: 6 | R8: 5 | S8: 7 | T8: 6 | U8: 6 | V8: 6 | W8: 5 | X8: 5 | Y8: =AVERAGE(E8:H8) -> 6 | Z8: =AVERAGE(I8:L8) -> 6.25 | AA8: =AVERAGE(M8:P8) -> 6.75 | AB8: =AVERAGE(Q8:T8) -> 6 | AC8: =AVERAGE(U8:X8) -> 5.5
A9: C08 | B9: Male | C9: 32 | D9: Regular (6+ visits) | E9: 6 | F9: 6 | G9: 5 | H9: 5 | I9: 7 | J9: 7 | K9: 7 | L9: 7 | M9: 7 | N9: 7 | O9: 7 | P9: 6 | Q9: 6 | R9: 7 | S9: 6 | T9: 6 | U9: 6 | V9: 6 | W9: 6 | X9: 6 | Y9: =AVERAGE(E9:H9) -> 5.5 | Z9: =AVERAGE(I9:L9) -> 7 | AA9: =AVERAGE(M9:P9) -> 6.75 | AB9: =AVERAGE(Q9:T9) -> 6.25 | AC9: =AVERAGE(U9:X9) -> 6
A10: C09 | B10: Female | C10: 35 | D10: Regular (6+ visits) | E10: 6 | F10: 6 | G10: 6 | H10: 6 | I10: 5 | J10: 5 | K10: 6 | L10: 5 | M10: 7 | N10: 6 | O10: 7 | P10: 6 | Q10: 6 | R10: 6 | S10: 6 | T10: 6 | U10: 5 | V10: 5 | W10: 6 | X10: 6 | Y10: =AVERAGE(E10:H10) -> 6 | Z10: =AVERAGE(I10:L10) -> 5.25 | AA10: =AVERAGE(M10:P10) -> 6.5 | AB10: =AVERAGE(Q10:T10) -> 6 | AC10: =AVERAGE(U10:X10) -> 5.5
A11: C10 | B11: Male | C11: 54 | D11: Occasional (2-5 visits) | E11: 7 | F11: 7 | G11: 7 | H11: 6 | I11: 7 | J11: 7 | K11: 7 | L11: 7 | M11: 6 | N11: 6 | O11: 6 | P11: 5 | Q11: 6 | R11: 7 | S11: 7 | T11: 6 | U11: 7 | V11: 7 | W11: 6 | X11: 7 | Y11: =AVERAGE(E11:H11) -> 6.75 | Z11: =AVERAGE(I11:L11) -> 7 | AA11: =AVERAGE(M11:P11) -> 5.75 | AB11: =AVERAGE(Q11:T11) -> 6.5 | AC11: =AVERAGE(U11:X11) -> 6.75
A12: C11 | B12: Male | C12: 25 | D12: Occasional (2-5 visits) | E12: 6 | F12: 6 | G12: 6 | H12: 7 | I12: 7 | J12: 6 | K12: 6 | L12: 5 | M12: 5 | N12: 7 | O12: 5 | P12: 5 | Q12: 6 | R12: 5 | S12: 6 | T12: 4 | U12: 5 | V12: 6 | W12: 6 | X12: 6 | Y12: =AVERAGE(E12:H12) -> 6.25 | Z12: =AVERAGE(I12:L12) -> 6 | AA12: =AVERAGE(M12:P12) -> 5.5 | AB12: =AVERAGE(Q12:T12) -> 5.25 | AC12: =AVERAGE(U12:X12) -> 5.75
A13: C12 | B13: Male | C13: 41 | D13: First-time | E13: 6 | F13: 6 | G13: 5 | H13: 7 | I13: 7 | J13: 7 | K13: 7 | L13: 7 | M13: 6 | N13: 6 | O13: 6 | P13: 6 | Q13: 7 | R13: 7 | S13: 6 | T13: 6 | U13: 7 | V13: 5 | W13: 6 | X13: 6 | Y13: =AVERAGE(E13:H13) -> 6 | Z13: =AVERAGE(I13:L13) -> 7 | AA13: =AVERAGE(M13:P13) -> 6 | AB13: =AVERAGE(Q13:T13) -> 6.5 | AC13: =AVERAGE(U13:X13) -> 6
... A31: C30 | B31: Female | C31: 48 | D31: Occasional (2-5 visits) | E31: 5 | F31: 6 | G31: 5 | H31: 5 | I31: 6 | J31: 7 | K31: 7 | L31: 7 | M31: 5 | N31: 6 | O31: 7 | P31: 6 | Q31: 6 | R31: 7 | S31: 6 | T31: 6 | U31: 6 | V31: 6 | W31: 6 | X31: 6 | Y31: =AVERAGE(E31:H31) -> 5.25 | Z31: =AVERAGE(I31:L31) -> 6.75 | AA31: =AVERAGE(M31:P31) -> 6 | AB31: =AVERAGE(Q31:T31) -> 6.25 | AC31: =AVERAGE(U31:X31) -> 6

Sheet Customer Perceptions
A1: Customer_ID | B1: Gender | C1: Age | D1: Visit_Frequency | E1: T1 | F1: T2 | G1: T3 | H1: T4 | I1: R1 | J1: R2 | K1: R3 | L1: R4 | M1: RS1 | N1: RS2 | O1: RS3 | P1: RS4 | Q1: A1 | R1: A2 | S1: A3 | T1: A4 | U1: E1 | V1: E2 | W1: E3 | X1: E4 | Y1: Tangibles Avg | Z1: Reliability Avg | AA1: Responsiveness Avg | AB1: Assurance Avg | AC1: Empathy Avg
A2: C01 | B2: Female | C2: 35 | D2: Occasional (2-5 visits) | E2: 7 | F2: 7 | G2: 7 | H2: 7 | I2: 6 | J2: 5 | K2: 5 | L2: 5 | M2: 5 | N2: 6 | O2: 6 | P2: 5 | Q2: 6 | R2: 7 | S2: 7 | T2: 5 | U2: 5 | V2: 6 | W2: 5 | X2: 6 | Y2: =AVERAGE(E2:H2) -> 7 | Z2: =AVERAGE(I2:L2) -> 5.25 | AA2: =AVERAGE(M2:P2) -> 5.5 | AB2: =AVERAGE(Q2:T2) -> 6.25 | AC2: =AVERAGE(U2:X2) -> 5.5
A3: C02 | B3: Female | C3: 38 | D3: Regular (6+ visits) | E3: 6 | F3: 7 | G3: 7 | H3: 6 | I3: 6 | J3: 5 | K3: 6 | L3: 5 | M3: 4 | N3: 5 | O3: 4 | P3: 4 | Q3: 5 | R3: 5 | S3: 5 | T3: 4 | U3: 5 | V3: 6 | W3: 6 | X3: 6 | Y3: =AVERAGE(E3:H3) -> 6.5 | Z3: =AVERAGE(I3:L3) -> 5.5 | AA3: =AVERAGE(M3:P3) -> 4.25 | AB3: =AVERAGE(Q3:T3) -> 4.75 | AC3: =AVERAGE(U3:X3) -> 5.75
A4: C03 | B4: Male | C4: 37 | D4: Regular (6+ visits) | E4: 6 | F4: 7 | G4: 6 | H4: 7 | I4: 5 | J4: 5 | K4: 5 | L4: 5 | M4: 5 | N4: 6 | O4: 6 | P4: 6 | Q4: 6 | R4: 5 | S4: 5 | T4: 5 | U4: 5 | V4: 4 | W4: 4 | X4: 5 | Y4: =AVERAGE(E4:H4) -> 6.5 | Z4: =AVERAGE(I4:L4) -> 5 | AA4: =AVERAGE(M4:P4) -> 5.75 | AB4: =AVERAGE(Q4:T4) -> 5.25 | AC4: =AVERAGE(U4:X4) -> 4.5
A5: C04 | B5: Female | C5: 31 | D5: First-time | E5: 6 | F5: 5 | G5: 7 | H5: 6 | I5: 6 | J5: 5 | K5: 6 | L5: 6 | M5: 6 | N5: 6 | O5: 5 | P5: 5 | Q5: 5 | R5: 6 | S5: 5 | T5: 5 | U5: 6 | V5: 5 | W5: 6 | X5: 6 | Y5: =AVERAGE(E5:H5) -> 6 | Z5: =AVERAGE(I5:L5) -> 5.75 | AA5: =AVERAGE(M5:P5) -> 5.5 | AB5: =AVERAGE(Q5:T5) -> 5.25 | AC5: =AVERAGE(U5:X5) -> 5.75
A6: C05 | B6: Male | C6: 53 | D6: Occasional (2-5 visits) | E6: 7 | F6: 7 | G6: 7 | H6: 6 | I6: 6 | J6: 6 | K6: 6 | L6: 5 | M6: 5 | N6: 4 | O6: 4 | P6: 5 | Q6: 4 | R6: 5 | S6: 6 | T6: 6 | U6: 4 | V6: 3 | W6: 4 | X6: 5 | Y6: =AVERAGE(E6:H6) -> 6.75 | Z6: =AVERAGE(I6:L6) -> 5.75 | AA6: =AVERAGE(M6:P6) -> 4.5 | AB6: =AVERAGE(Q6:T6) -> 5.25 | AC6: =AVERAGE(U6:X6) -> 4
A7: C06 | B7: Female | C7: 32 | D7: Regular (6+ visits) | E7: 7 | F7: 7 | G7: 7 | H7: 7 | I7: 6 | J7: 7 | K7: 5 | L7: 6 | M7: 5 | N7: 4 | O7: 4 | P7: 5 | Q7: 5 | R7: 5 | S7: 5 | T7: 6 | U7: 5 | V7: 5 | W7: 5 | X7: 6 | Y7: =AVERAGE(E7:H7) -> 7 | Z7: =AVERAGE(I7:L7) -> 6 | AA7: =AVERAGE(M7:P7) -> 4.5 | AB7: =AVERAGE(Q7:T7) -> 5.25 | AC7: =AVERAGE(U7:X7) -> 5.25
A8: C07 | B8: Female | C8: 42 | D8: First-time | E8: 7 | F8: 5 | G8: 6 | H8: 7 | I8: 5 | J8: 4 | K8: 6 | L8: 6 | M8: 5 | N8: 5 | O8: 5 | P8: 6 | Q8: 5 | R8: 5 | S8: 5 | T8: 6 | U8: 5 | V8: 6 | W8: 6 | X8: 5 | Y8: =AVERAGE(E8:H8) -> 6.25 | Z8: =AVERAGE(I8:L8) -> 5.25 | AA8: =AVERAGE(M8:P8) -> 5.25 | AB8: =AVERAGE(Q8:T8) -> 5.25 | AC8: =AVERAGE(U8:X8) -> 5.5
A9: C08 | B9: Male | C9: 32 | D9: Regular (6+ visits) | E9: 6 | F9: 6 | G9: 6 | H9: 7 | I9: 5 | J9: 6 | K9: 5 | L9: 6 | M9: 6 | N9: 5 | O9: 6 | P9: 6 | Q9: 5 | R9: 5 | S9: 7 | T9: 5 | U9: 4 | V9: 6 | W9: 4 | X9: 5 | Y9: =AVERAGE(E9:H9) -> 6.25 | Z9: =AVERAGE(I9:L9) -> 5.5 | AA9: =AVERAGE(M9:P9) -> 5.75 | AB9: =AVERAGE(Q9:T9) -> 5.5 | AC9: =AVERAGE(U9:X9) -> 4.75
A10: C09 | B10: Female | C10: 35 | D10: Regular (6+ visits) | E10: 7 | F10: 7 | G10: 7 | H10: 6 | I10: 5 | J10: 6 | K10: 5 | L10: 6 | M10: 6 | N10: 6 | O10: 5 | P10: 5 | Q10: 6 | R10: 5 | S10: 5 | T10: 7 | U10: 5 | V10: 4 | W10: 3 | X10: 4 | Y10: =AVERAGE(E10:H10) -> 6.75 | Z10: =AVERAGE(I10:L10) -> 5.5 | AA10: =AVERAGE(M10:P10) -> 5.5 | AB10: =AVERAGE(Q10:T10) -> 5.75 | AC10: =AVERAGE(U10:X10) -> 4
A11: C10 | B11: Male | C11: 54 | D11: Occasional (2-5 visits) | E11: 7 | F11: 5 | G11: 6 | H11: 7 | I11: 5 | J11: 7 | K11: 6 | L11: 6 | M11: 5 | N11: 5 | O11: 5 | P11: 5 | Q11: 5 | R11: 5 | S11: 6 | T11: 5 | U11: 5 | V11: 6 | W11: 5 | X11: 5 | Y11: =AVERAGE(E11:H11) -> 6.25 | Z11: =AVERAGE(I11:L11) -> 6 | AA11: =AVERAGE(M11:P11) -> 5 | AB11: =AVERAGE(Q11:T11) -> 5.25 | AC11: =AVERAGE(U11:X11) -> 5.25
A12: C11 | B12: Male | C12: 25 | D12: Occasional (2-5 visits) | E12: 7 | F12: 7 | G12: 7 | H12: 7 | I12: 6 | J12: 6 | K12: 7 | L12: 6 | M12: 6 | N12: 5 | O12: 5 | P12: 5 | Q12: 5 | R12: 6 | S12: 6 | T12: 6 | U12: 4 | V12: 4 | W12: 4 | X12: 5 | Y12: =AVERAGE(E12:H12) -> 7 | Z12: =AVERAGE(I12:L12) -> 6.25 | AA12: =AVERAGE(M12:P12) -> 5.25 | AB12: =AVERAGE(Q12:T12) -> 5.75 | AC12: =AVERAGE(U12:X12) -> 4.25
A13: C12 | B13: Male | C13: 41 | D13: First-time | E13: 6 | F13: 6 | G13: 6 | H13: 6 | I13: 6 | J13: 6 | K13: 5 | L13: 5 | M13: 5 | N13: 6 | O13: 5 | P13: 5 | Q13: 6 | R13: 5 | S13: 6 | T13: 6 | U13: 5 | V13: 6 | W13: 5 | X13: 5 | Y13: =AVERAGE(E13:H13) -> 6 | Z13: =AVERAGE(I13:L13) -> 5.5 | AA13: =AVERAGE(M13:P13) -> 5.25 | AB13: =AVERAGE(Q13:T13) -> 5.75 | AC13: =AVERAGE(U13:X13) -> 5.25
... A31: C30 | B31: Female | C31: 48 | D31: Occasional (2-5 visits) | E31: 6 | F31: 6 | G31: 7 | H31: 6 | I31: 7 | J31: 7 | K31: 6 | L31: 6 | M31: 5 | N31: 6 | O31: 6 | P31: 6 | Q31: 5 | R31: 5 | S31: 6 | T31: 6 | U31: 6 | V31: 5 | W31: 5 | X31: 5 | Y31: =AVERAGE(E31:H31) -> 6.25 | Z31: =AVERAGE(I31:L31) -> 6.5 | AA31: =AVERAGE(M31:P31) -> 5.75 | AB31: =AVERAGE(Q31:T31) -> 5.5 | AC31: =AVERAGE(U31:X31) -> 5.25

Sheet Employee Perceptions
A1: Employee_ID | B1: Role | C1: Tenure_Months | D1: T1 | E1: T2 | F1: T3 | G1: T4 | H1: R1 | I1: R2 | J1: R3 | K1: R4 | L1: RS1 | M1: RS2 | N1: RS3 | O1: RS4 | P1: A1 | Q1: A2 | R1: A3 | S1: A4 | T1: E1 | U1: E2 | V1: E3 | W1: E4 | X1: Tangibles Avg | Y1: Reliability Avg | Z1: Responsiveness Avg | AA1: Assurance Avg | AB1: Empathy Avg
A2: E01 | B2: Waitstaff | C2: 8 | D2: 6 | E2: 6 | F2: 5 | G2: 6 | H2: 6 | I2: 6 | J2: 5 | K2: 6 | L2: 6 | M2: 6 | N2: 5 | O2: 5 | P2: 6 | Q2: 6 | R2: 6 | S2: 5 | T2: 6 | U2: 6 | V2: 7 | W2: 6 | X2: =AVERAGE(D2:G2) -> 5.75 | Y2: =AVERAGE(H2:K2) -> 5.75 | Z2: =AVERAGE(L2:O2) -> 5.5 | AA2: =AVERAGE(P2:S2) -> 5.75 | AB2: =AVERAGE(T2:W2) -> 6.25
A3: E02 | B3: Waitstaff | C3: 14 | D3: 6 | E3: 6 | F3: 6 | G3: 6 | H3: 5 | I3: 6 | J3: 6 | K3: 5 | L3: 6 | M3: 6 | N3: 7 | O3: 6 | P3: 6 | Q3: 5 | R3: 6 | S3: 6 | T3: 7 | U3: 7 | V3: 6 | W3: 7 | X3: =AVERAGE(D3:G3) -> 6 | Y3: =AVERAGE(H3:K3) -> 5.5 | Z3: =AVERAGE(L3:O3) -> 6.25 | AA3: =AVERAGE(P3:S3) -> 5.75 | AB3: =AVERAGE(T3:W3) -> 6.75
A4: E03 | B4: Barista | C4: 6 | D4: 7 | E4: 6 | F4: 7 | G4: 6 | H4: 6 | I4: 6 | J4: 7 | K4: 6 | L4: 6 | M4: 6 | N4: 5 | O4: 7 | P4: 6 | Q4: 6 | R4: 6 | S4: 6 | T4: 5 | U4: 6 | V4: 6 | W4: 6 | X4: =AVERAGE(D4:G4) -> 6.5 | Y4: =AVERAGE(H4:K4) -> 6.25 | Z4: =AVERAGE(L4:O4) -> 6 | AA4: =AVERAGE(P4:S4) -> 6 | AB4: =AVERAGE(T4:W4) -> 5.75
A5: E04 | B5: Cashier/Billing | C5: 22 | D5: 6 | E5: 7 | F5: 7 | G5: 6 | H5: 5 | I5: 7 | J5: 6 | K5: 7 | L5: 7 | M5: 6 | N5: 6 | O5: 7 | P5: 6 | Q5: 7 | R5: 6 | S5: 6 | T5: 6 | U5: 5 | V5: 5 | W5: 6 | X5: =AVERAGE(D5:G5) -> 6.5 | Y5: =AVERAGE(H5:K5) -> 6.25 | Z5: =AVERAGE(L5:O5) -> 6.5 | AA5: =AVERAGE(P5:S5) -> 6.25 | AB5: =AVERAGE(T5:W5) -> 5.5
A6: E05 | B6: Floor Supervisor | C6: 30 | D6: 7 | E6: 6 | F6: 7 | G6: 7 | H6: 5 | I6: 7 | J6: 5 | K6: 6 | L6: 6 | M6: 6 | N6: 6 | O6: 5 | P6: 6 | Q6: 7 | R6: 7 | S6: 7 | T6: 6 | U6: 6 | V6: 6 | W6: 6 | X6: =AVERAGE(D6:G6) -> 6.75 | Y6: =AVERAGE(H6:K6) -> 5.75 | Z6: =AVERAGE(L6:O6) -> 5.75 | AA6: =AVERAGE(P6:S6) -> 6.75 | AB6: =AVERAGE(T6:W6) -> 6

Sheet Gap Analysis
A1: SERVQUAL Gap Analysis - Triveni Terrace Cafe
A4: Dimension | B4: Customer Expectation (avg, 1-7) | C4: Customer Perception (avg, 1-7) | D4: Customer Gap (P - E) | E4: Employee Perception (avg, 1-7) | F4: Employee-Customer Perception Gap
A5: Tangibles | B5: =AVERAGE('Customer Expectations'!Y2:Y31) -> 5.9416667 | C5: =AVERAGE('Customer Perceptions'!Y2:Y31) -> 6.35 | D5: =C5-B5 -> 0.40833333 | E5: =AVERAGE('Employee Perceptions'!X2:X6) -> 6.3 | F5: =E5-C5 -> -0.05
A6: Reliability | B6: =AVERAGE('Customer Expectations'!Z2:Z31) -> 6.3583333 | C6: =AVERAGE('Customer Perceptions'!Z2:Z31) -> 5.65 | D6: =C6-B6 -> -0.70833333 | E6: =AVERAGE('Employee Perceptions'!Y2:Y6) -> 5.9 | F6: =E6-C6 -> 0.25
A7: Responsiveness | B7: =AVERAGE('Customer Expectations'!AA2:AA31) -> 6.3333333 | C7: =AVERAGE('Customer Perceptions'!AA2:AA31) -> 5.0583333 | D7: =C7-B7 -> -1.275 | E7: =AVERAGE('Employee Perceptions'!Z2:Z6) -> 6 | F7: =E7-C7 -> 0.94166667
A8: Assurance | B8: =AVERAGE('Customer Expectations'!AB2:AB31) -> 6.1333333 | C8: =AVERAGE('Customer Perceptions'!AB2:AB31) -> 5.5166667 | D8: =C8-B8 -> -0.61666667 | E8: =AVERAGE('Employee Perceptions'!AA2:AA6) -> 6.1 | F8: =E8-C8 -> 0.58333333
A9: Empathy | B9: =AVERAGE('Customer Expectations'!AC2:AC31) -> 5.85 | C9: =AVERAGE('Customer Perceptions'!AC2:AC31) -> 5.0833333 | D9: =C9-B9 -> -0.76666667 | E9: =AVERAGE('Employee Perceptions'!AB2:AB6) -> 6.05 | F9: =E9-C9 -> 0.96666667
A10: OVERALL | B10: =AVERAGE(B5:B9) -> 6.1233333 | C10: =AVERAGE(C5:C9) -> 5.5316667 | D10: =C10-B10 -> -0.59166667 | E10: =AVERAGE(E5:E9) -> 6.07 | F10: =E10-C10 -> 0.53833333
